Name	Last	Chg. % 1DChg. Abs.	DateTime	ISIN	BidVolume	AskVolume	Maturity	Status
OMV 3,75% Anleihe 24-36/S.21	100.700	0.00%0.000	11/24/202517:30:34	XS2886118236	--	--	09/04/2036	D
HypoVbg 0,36% IHS 20-26/S.182	97.800	0.00%0.000	11/24/202517:00:49	XS2100387526	--	--	01/09/2026	D
HVbg 0,23% Notes 21-29/S.219	90.050	-0.06%-0.050	11/24/202517:00:49	XS2327980509	--	--	04/06/2029	D
HVbg 0,375% Notes 20-30/S.212	86.250	-0.06%-0.050	11/24/202517:00:49	XS2252219105	--	--	11/04/2030	D
HVbg var SV 19-29/S.175	97.850	0.00%0.000	11/24/202517:00:49	XS2037749749	--	--	08/07/2029	D
HVbg 0,741% Anl.19-36/S.178	72.450	-0.07%-0.050	11/24/202517:00:49	XS2066563524	--	--	10/16/2036	D
HVbg 0,86% Anl. 19-34/S.179	78.650	-0.06%-0.050	11/24/202517:00:49	XS2069329964	--	--	10/24/2034	D
HVbg 1,02% SV 20-35/DIP S183	77.950	-0.13%-0.100	11/24/202517:00:49	XS2104132514	--	--	01/17/2035	D
HVbg Fix/Swap-li-FRN 18-28/159	95.900	0.00%0.000	11/24/202517:00:48	XS1877653581	--	--	09/13/2028	D
HVbg Fix/Swap-li-FRN 18-28/158	95.350	-0.05%-0.050	11/24/202517:00:48	XS1859330752	--	--	07/24/2028	D
HVbg 2,62% Anl.25-30/S.300	98.750	0.00%0.000	11/24/202517:00:48	AT0000A3PQ47	--	--	01/10/2030	D
HWBB 3,15% WB-WA 25-35/6  VBG	99.250	-0.10%-0.100	11/24/202517:00:48	AT0000A3HRE5	--	--	02/19/2035	D
HVbg fix/swap Rate Notes 01-31	100.550	-0.10%-0.100	11/24/202517:00:48	XS0132540955	--	--	07/11/2031	D
HVbg 2,60% Anl.25-28/S.290	99.700	+0.05%+0.050	11/24/202517:00:48	AT0000A3K8W6	99.700-	100.700-	03/24/2028	D
HVbg Fix/Swap-li-FRN 18-28/163	95.650	0.00%0.000	11/24/202517:00:48	XS1915000753	--	--	11/27/2028	D
HWBB 3,15% WB-WA 25-35/12 Vbg	98.750	-0.10%-0.100	11/24/202517:00:48	AT0000A3MRG0	--	--	07/16/2035	D
Hypo Vbg. 3% Anl.25-30/S.288	100.050	-0.05%-0.050	11/24/202517:00:48	AT0000A3HN16	--	--	01/21/2030	D
HVbg CMS Floater25-33/S.293	96.550	-0.05%-0.050	11/24/202517:00:48	AT0000A3L7J4	--	--	04/25/2033	D
HVbg Fix/Swap-li-FRN 18-28/161	96.150	0.00%0.000	11/24/202517:00:48	XS1892228401	--	--	10/11/2028	D
HVbg var-SV 19-29/S.170	97.200	0.00%0.000	11/24/202517:00:48	XS2002726847	--	--	05/27/2029	D
HWBB 3,50% WB-WA 24-34/4 VBG	103.200	-0.10%-0.100	11/24/202517:00:47	AT0000A3A1Y9	--	--	02/21/2034	D
HVbg 5,50% NR-Anl.24-34/S.278	105.850	-0.09%-0.100	11/24/202517:00:47	AT0000A3DBT6	--	--	06/28/2034	D
HWBB 3,00% WB-WA 24-34/14/VBG	98.400	-0.10%-0.100	11/24/202517:00:47	AT0000A3FMW2	--	--	10/23/2034	D
HVbg 2,85% KMU Anl.24-29/S.287	99.300	-0.05%-0.050	11/24/202517:00:47	AT0000A3FWL4	--	--	01/16/2029	D
HVbg 3,25% Anleihe 24-29/S.270	100.950	-0.05%-0.050	11/24/202517:00:47	AT0000A39K95	--	--	01/15/2029	D
HWBB 4,00% WB-WA 23-33/18 VBG	108.350	-0.09%-0.100	11/24/202517:00:47	AT0000A38J81	--	--	12/22/2033	D
HypVbg 3,7% KMU Anl.23-28/S266	102.450	-0.05%-0.050	11/24/202517:00:47	AT0000A381H1	--	--	01/25/2028	D
HVbg 3,25% Anleihe 24-27/S.269	100.150	0.00%0.000	11/24/202517:00:47	AT0000A39K87	--	--	01/15/2027	D
HVbg 3,8%GreenBond23-26/S.267	100.300	-0.05%-0.050	11/24/202517:00:47	AT0000A38JB4	--	--	06/18/2026	D
HVbg 3,25% Anl.24-27II/S.281	100.800	-0.05%-0.050	11/24/202517:00:47	AT0000A3DYL5	--	--	07/23/2027	D
HVbg 3,30% Anl.24-29/S.282	101.300	-0.05%-0.050	11/24/202517:00:47	AT0000A3DYM3	--	--	07/23/2029	D
HWBB 3,50% WB-WA 24-34/9 VBG	103.500	-0.10%-0.100	11/24/202517:00:47	AT0000A3BPT0	--	--	04/24/2034	D
HWBB 3,90% WB-WA 23-33/6 VBG	106.900	-0.09%-0.100	11/24/202517:00:46	AT0000A359Q8	--	--	07/12/2033	D
HVbg 3,5% KMUAnl.22-27/S.249	101.000	0.00%0.000	11/24/202517:00:46	AT0000A31LF6	--	--	02/25/2027	D
HVbg 3,70% Anleihe 23-26/S.264	100.650	-0.05%-0.050	11/24/202517:00:46	AT0000A36X69	--	--	09/11/2026	D
HVbg 4,75%NR SV 22-32/DIP S252	101.350	-0.10%-0.100	11/24/202517:00:46	AT0000A321S4	--	--	12/20/2032	D
HWBB 4,00% WB-WA 23-33/13, VBG	108.450	-0.09%-0.100	11/24/202517:00:46	AT0000A373X5	--	--	10/18/2033	D
HWBB 4 % WB-WA 23-33/17 VBG	108.550	-0.09%-0.100	11/24/202517:00:46	AT0000A37UU3	--	--	11/15/2033	D
HVbg MinMax-Anl.22-27-II/S244	99.050	-0.05%-0.050	11/24/202517:00:46	AT0000A30350	--	--	10/06/2027	D
HVbg 3,5%KMU22-27 II/DIP S.251	100.850	0.00%0.000	11/24/202517:00:46	AT0000A32182	--	--	01/27/2027	D
HVbg 3,75%  Anl 23-27/S.261	102.250	0.00%0.000	11/24/202517:00:46	AT0000A34824	--	--	10/05/2027	D
HVbg 2,125% Anl. 22-26/S.243	99.550	0.00%0.000	11/24/202517:00:46	AT0000A30368	--	--	10/06/2026	D
HVbg 3 % Anl. 22-30/DIP S.240	99.350	-0.10%-0.100	11/24/202517:00:46	AT0000A2YXL5	--	--	07/19/2030	D
HVbg Green Bond 23-28/S.253	100.950	-0.05%-0.050	11/24/202517:00:46	AT0000A325P1	--	--	02/07/2028	D
HVbg 3,70% Anleihe 23-28/S.265	103.100	-0.05%-0.050	11/24/202517:00:46	AT0000A36X77	--	--	09/11/2028	D
HVbg 1,875% Green 22-27/S.236	98.550	0.00%0.000	11/24/202517:00:45	AT0000A2XMH8	--	--	06/30/2027	D
HWBB MinMax-WA19-30/12/Vbg/5	96.150	0.00%0.000	11/24/202517:00:45	AT0000A28Z42	--	--	11/04/2030	D
HVbg Min-Max Fltr.19-26	98.150	0.00%0.000	11/24/202517:00:45	AT0000A288B1	--	--	06/05/2026	D
HYPO VBG 6,125% AT1-Anl.18/S.2	88.950	-0.06%-0.050	11/24/202517:00:45	AT0000A20DC3	--	--	open-end	D
HWBB MiniMax WA19-30/1 Vbg	96.550	0.00%0.000	11/24/202517:00:45	AT0000A25HY7	--	--	04/02/2030	D
HWBB MinMax-WA 19-30/11/Vbg/4	96.250	0.00%0.000	11/24/202517:00:45	AT0000A28FL2	--	--	09/11/2030	D
HWBB Stz-WA.19-30/9 Vbg	93.100	-0.05%-0.050	11/24/202517:00:45	AT0000A27ZM0	--	--	07/02/2030	D
HWBB MiniMax WA Vbg.18-29/7	96.700	0.00%0.000	11/24/202517:00:45	AT0000A23GH9	--	--	12/10/2029	D
HVbg 0,67 % Anl. 19-26/S.171	97.400	0.00%0.000	11/24/202517:00:45	AT0000A28CN5	--	--	06/03/2026	D
HWBB MiniMax WA19-30/7 Vbg	96.550	0.00%0.000	11/24/202517:00:45	AT0000A26812	--	--	05/02/2030	D
HVbg 0,39% Anleihe 20-27/S.201	95.050	0.00%0.000	11/24/202517:00:45	AT0000A2HTS3	--	--	08/05/2027	D
HVbg MiniMax-Anl. 22-27/S.237	98.850	0.00%0.000	11/24/202517:00:45	AT0000A2YBF3	--	--	06/30/2027	D
Vbg LHB Add Tier1-Anl. 2016	96.750	0.00%0.000	11/24/202517:00:44	AT0000A1LKA4	--	--	open-end	D
HYPO-WOHN.WANDEL.16-27/10	98.850	0.00%0.000	11/24/202517:00:44	AT0000A1LDY9	--	--	06/21/2027	D
HYPO-WOHN.WANDEL.16-27/9	99.600	0.00%0.000	11/24/202517:00:44	AT0000A1KUY5	--	--	04/26/2027	D
HYPOVbgHYP-EUROP-DIV-GAR.17-25	97.950	0.00%0.000	11/24/202517:00:44	AT0000A1YXS2	--	--	12/05/2025	D
HYPO-WOHN.WANDEL.16-27/17	99.250	-0.05%-0.050	11/24/202517:00:44	AT0000A1PN91	--	--	12/07/2027	D
HYPO-WOHN.WANDEL.17-29/4	97.300	-0.05%-0.050	11/24/202517:00:44	AT0000A1QEF5	--	--	01/31/2029	D
HYPO-WOHN.WANDEL.16-27/16	98.850	0.00%0.000	11/24/202517:00:44	AT0000A1PN83	--	--	12/07/2027	D
HWBB Stfz.-WA18-29/5 Vbg	96.600	-0.05%-0.050	11/24/202517:00:44	AT0000A1ZTW9	96.6509,000	98.100-	03/20/2029	D
HYPO-WOHN.WANDEL.17-28/9	98.400	0.00%0.000	11/24/202517:00:44	AT0000A1U842	--	--	03/27/2028	D
HYPO-WOHN.WANDEL 17-28/6	98.150	0.00%0.000	11/24/202517:00:44	AT0000A1TMZ0	--	--	02/21/2028	D
HYPO-WOHN.WANDEL.16-27/13	98.800	0.00%0.000	11/24/202517:00:44	AT0000A1MCE1	--	--	08/09/2027	D
HYPOVbg 3,125% Nr SV 17-27	98.950	0.00%0.000	11/24/202517:00:44	AT0000A1YQ55	--	--	10/27/2027	D
HYPO-WOHN.WANDEL.17-28/10	98.400	-0.05%-0.050	11/24/202517:00:44	AT0000A1UXM3	--	--	04/11/2028	D
HYPO-WOHN.WANDEL.14-27/10	100.950	-0.05%-0.050	11/24/202517:00:43	AT0000A161B0	--	--	03/24/2027	D
HYPO-WOHN.WANDEL.16-27/4	99.900	0.00%0.000	11/24/202517:00:43	AT0000A1JG64	--	--	02/15/2027	D
HYPO-WOHN.WANDEL.14-26/22	98.700	0.00%0.000	11/24/202517:00:43	AT0000A1AK67	--	--	12/09/2026	D
HYPO-WOHN.WANDEL.15-27/13	98.700	-0.05%-0.050	11/24/202517:00:43	AT0000A1EZS9	--	--	07/08/2027	D
HYPO-WOHN.WANDEL.16-27/7	99.600	0.00%0.000	11/24/202517:00:43	AT0000A1KKW0	--	--	03/30/2027	D
HYPO-WOHN.WANDEL.14-26/17	99.200	0.00%0.000	11/24/202517:00:43	AT0000A19SA7	--	--	10/27/2026	D
VbgLHB 4,5% NR SV 15-25	99.050	0.00%0.000	11/24/202517:00:43	AT0000A1GTF4	--	--	12/01/2025	D
HYPO-WOHN.WANDEL.15-26/18	99.500	0.00%0.000	11/24/202517:00:43	AT0000A1H567	--	--	11/26/2026	D
HYPO-WOHN.WANDEL.16-27/6	98.850	0.00%0.000	11/24/202517:00:43	AT0000A1KAR1	--	--	03/08/2027	D
HYPO-WOHN.WANDEL.15-26/17	99.900	-0.25%-0.250	11/24/202517:00:43	AT0000A1H559	--	--	11/26/2026	D
HYPO-WOHN.WANDEL.16-27/5	99.900	-0.05%-0.050	11/24/202517:00:43	AT0000A1JWT3	--	--	02/22/2027	D
HYP.W WB.WDL 13-26/10	99.550	0.00%0.000	11/24/202517:00:42	AT0000A0ZDU9	--	--	03/20/2026	D
voestalpine 1,75% Anl.19-26/S1	99.590	-0.09%-0.090	11/24/202516:16:00	AT0000A27LQ1	--	--	04/10/2026	D
2,80% Bundesanl. 2025-2032/2	100.510	-0.06%-0.060	11/24/202516:00:01	AT0000A3NY15	--	--	09/20/2032	D
2,50% Bundesanl. 2024-2029/3	100.570	-0.06%-0.060	11/24/202516:00:01	AT0000A3EPP2	--	--	10/20/2029	D
1,85% Bundesanl. 22-49/3 (G)	72.250	-0.01%-0.010	11/24/202516:00:00	AT0000A2Y8G4	--	--	05/23/2049	D
2,10% Bundesanl. 2017-2117/3	58.840	-0.07%-0.040	11/24/202516:00:00	AT0000A1XML2	--	--	09/20/2117	D
2,90% Bundesanl. 2023-2033/1	100.820	-0.04%-0.040	11/24/202516:00:00	AT0000A324S8	--	--	02/20/2033	D
0,00% Bundesanl. 2022-2028/1	93.910	-0.04%-0.040	11/24/202516:00:00	AT0000A2VB47	--	--	10/20/2028	D
3,15% Bundesanl. 2012-2044/4	95.020	0.00%0.000	11/24/202516:00:00	AT0000A0VRQ6	--	--	06/20/2044	D
0,70% Bundesanl. 2021-2071/2	35.050	-0.14%-0.050	11/24/202516:00:00	AT0000A2QQB6	--	--	04/20/2071	D
0,85% Bundesanl. 2020-2120/4	30.820	+0.10%+0.030	11/24/202516:00:00	AT0000A2HLC4	--	--	06/30/2120	D
3,80% Bundesanl. 2012-2062/1	100.760	-0.02%-0.020	11/24/202516:00:00	AT0000A0U299	--	--	01/26/2062	D
4,85% Bundesanl. 2009-2026/2	100.830	-0.01%-0.010	11/24/202516:00:00	AT0000A0DXC2	--	--	03/15/2026	D
2,00% Bundesanl. 2022-2026/4	99.960	0.00%0.000	11/24/202516:00:00	AT0000A308C5	--	--	07/15/2026	D
2,95% Bundesanl. 2025-2035/1	99.650	-0.03%-0.030	11/24/202516:00:00	AT0000A3HU25	--	--	02/20/2035	D
0,00% Bundesanl. 2021-2031/1	87.610	-0.05%-0.040	11/24/202516:00:00	AT0000A2NW83	--	--	02/20/2031	D
0,50% Bundesanl. 2019-2029/1	94.570	-0.04%-0.040	11/24/202516:00:00	AT0000A269M8	--	--	02/20/2029	D
3,45% Bundesanl. 2023-2030/4	104.350	-0.07%-0.070	11/24/202516:00:00	AT0000A38239	--	--	10/20/2030	D
0,75% Bundesanl. 2020-2051/3	52.550	+0.02%+0.010	11/24/202516:00:00	AT0000A2EJ08	--	--	03/20/2051	D
1,50% Bundesanl. 2016-2086/4	47.920	-0.17%-0.080	11/24/202516:00:00	AT0000A1PEF7	--	--	11/02/2086	D
4,15% Bundesanl. 2007-2037/1	109.290	-0.02%-0.020	11/24/202516:00:00	AT0000A04967	--	--	03/15/2037	D
6,25% Bundesanl. 1997-2027/6	106.730	-0.03%-0.030	11/24/202516:00:00	AT0000383864	--	--	07/15/2027	D
2,90% Bundesanl. 23-29/2 (G)	102.120	-0.06%-0.060	11/24/202516:00:00	AT0000A33SH3	--	--	05/23/2029	D
0,00% Bundesanl. 2020-2040/5	60.490	0.00%0.000	11/24/202516:00:00	AT0000A2KQ43	--	--	10/20/2040	D
0,50% Bundesanl. 2017-2027/1	97.920	-0.01%-0.010	11/24/202516:00:00	AT0000A1VGK0	--	--	04/20/2027	D
3,20% Bundesanl. 2024-2039/2	98.720	-0.02%-0.020	11/24/202516:00:00	AT0000A3D3Q8	--	--	07/15/2039	D
0,75% Bundesanl. 2018-2028/1	97.110	-0.02%-0.020	11/24/202516:00:00	AT0000A1ZGE4	--	--	02/20/2028	D
1,50% Bundesanl. 2016-2047/2	69.160	-0.10%-0.070	11/24/202516:00:00	AT0000A1K9F1	--	--	02/20/2047	D
2,40% Bundesanl. 2013-2034/1	96.230	-0.03%-0.030	11/24/202516:00:00	AT0000A10683	--	--	05/23/2034	D
2,90% Bundesanl. 2024-2034/1	100.130	-0.03%-0.030	11/24/202516:00:00	AT0000A39UW5	--	--	02/20/2034	D
0,00% Bundesanl. 2020-2030/1	90.420	-0.06%-0.050	11/24/202516:00:00	AT0000A2CQD2	--	--	02/20/2030	D
0,25% Bundesanl. 2021-2036/4	73.540	-0.04%-0.030	11/24/202516:00:00	AT0000A2T198	--	--	10/20/2036	D
3,15% Bundesanl. 2023-2053/3	90.010	+0.03%+0.030	11/24/202516:00:00	AT0000A33SK7	--	--	10/20/2053	D
0,75% Bundesanl. 2016-2026/1	98.900	-0.01%-0.010	11/24/202516:00:00	AT0000A1K9C8	--	--	10/20/2026	D
0,90% Bundesanl. 2022-2032/2	90.010	-0.06%-0.050	11/24/202516:00:00	AT0000A2WSC8	--	--	02/20/2032	D
sWBB KMU WBA 15-26/12	97.100	-0.51%-0.500	11/24/202514:30:50	AT000B116561	--	--	01/16/2026	D
BAWAGPSK WBB 3,75% Anl.23-26/1	100.800	0.00%0.000	11/24/202514:15:28	AT0000A35MS8	--	--	09/18/2026	D
RLB STMK 3,5% OBL 23-26/8	100.150	-0.05%-0.050	11/24/202514:15:19	AT000B093877	--	--	01/23/2026	D
HWBB 3,25% WB-WA 24-36/7  OOE	96.750	-0.82%-0.800	11/24/202514:15:14	AT0000A3AZV7	--	--	03/07/2036	D
Hypo-WBB WA OOE. 17-28/2	95.850	0.00%0.000	11/24/202514:15:12	AT0000A1Q055	--	--	01/12/2028	D
Hypo-WBB WA Stmk. 14-26/20	99.550	+0.05%+0.050	11/24/202514:15:11	AT0000A1A380	--	--	11/04/2026	D
SbgLHB 3,125%  EK SV 18-28	92.510	0.00%0.000	11/24/202514:15:08	AT000B023387	--	--	02/23/2028	D
RLBTir KMU-Anleihe 19-26/S.9	96.950	+0.15%+0.150	11/24/202514:15:08	AT0000A2B5T0	--	--	11/25/2026	D
HWBB MinimaxWA19-29/3 Tirol	97.610	+0.03%+0.030	11/24/202514:15:07	AT0000A25J86	--	--	01/07/2029	D
RLB STMK 2,35% OBL 25-28/3	99.700	-0.80%-0.800	11/24/202514:15:06	AT000B094131	--	--	01/21/2028	D
BKS Additional Tier1-Anl. 2017	100.010	-0.98%-0.990	11/24/202514:15:06	AT0000A1VNV3	--	--	open-end	D
HWBB MinMax WB-WA 20-32/3 OOE	88.100	-0.34%-0.300	11/24/202514:15:06	AT0000A2HTF0	--	--	08/14/2032	D
sWBB 2,90% Wohnbauanl.25-36/03	101.010	0.00%0.000	11/24/202514:15:05	AT000B116975	--	--	04/06/2036	D
BAWAG PSK WBB WA 2,8% 25-35/4	101.000	+1.57%+1.560	11/24/202514:15:00	AT0000A3MNN5	--	--	09/05/2035	D
OMV 3,875% Notes 25-40/S.23	96.590	+0.08%+0.080	11/24/202513:53:55	XS3225966939	--	--	11/10/2040	D
BKS 3,60% Obligation 23-29/S.4	102.100	-0.24%-0.250	11/24/202513:00:29	AT0000A33N15	--	--	04/24/2029	D
BTV KSA Eur. ESG 22-29/10	121.700	-0.60%-0.730	11/24/202513:00:24	AT0000A2ZXP3	--	--	09/28/2029	D
3BK-WBB Stuf.Zi.WA.16-26/Oberb	98.200	0.00%0.000	11/24/202513:00:22	AT0000A1LKC0	--	--	07/15/2026	D
3,375% Reg Nachh Anl ASK 22-27	101.400	+0.03%+0.030	11/24/202513:00:22	AT000B101514	--	--	10/25/2027	D
RBI Infl.li Bd.23-27/S.268	98.810	+0.01%+0.010	11/24/202513:00:20	AT000B015482	--	--	04/14/2027	D
OB Stufenz.Anl. 18-26	99.700	-0.05%-0.050	11/24/202513:00:20	AT000B126883	--	--	10/05/2026	D
3BK-WBB Stuf.Zi.WA.17-27/Oberb	97.520	+0.06%+0.060	11/24/202513:00:14	AT0000A1W4U7	--	--	06/09/2027	D
OB 3,95% Anl. 23-05.05.2028	101.870	0.00%0.000	11/24/202513:00:11	AT000B127345	--	--	05/05/2028	D
RBI Inflations-Anl. 22-27/257	95.000	-0.84%-0.800	11/24/202513:00:10	AT000B015417	--	--	10/13/2027	D
BTV Stuzi Obl 23-28/5	102.450	-0.10%-0.100	11/24/202513:00:09	AT0000A32TA8	--	--	03/07/2028	D
ASPKOO 2% NR Anl.20-30/3	89.020	+0.18%+0.160	11/24/202513:00:08	AT000B101407	--	--	10/16/2030	D
BTV KS-Anl.Eur.ESG 20-27/10	117.400	-0.22%-0.260	11/24/202513:00:04	AT0000A2HKQ6	--	--	07/30/2027	D
BTV nr. Anl. 16-26/20	98.700	+0.19%+0.190	11/24/202513:00:02	AT0000A1PHY1	--	--	11/11/2026	D
SPK OO 3,15% Fixzi.Anl.24-29/7	101.180	-0.05%-0.050	11/24/202513:00:01	AT000B101647	--	--	04/26/2029	D
OB 3,75% Anl. 23-24.02.28	101.370	+0.05%+0.050	11/24/202513:00:01	AT000B127329	--	--	02/24/2028	D
UBM 6,75% Green Bonds 25-30	102.000	0.00%0.000	11/24/202512:45:24	AT0000A3PGY9	--	--	10/30/2030	D
S IMMO 1,875% Anl.19-26/S1/19	98.250	0.00%0.000	11/24/202512:45:02	AT0000A285H4	--	--	05/22/2026	D
Hypo-WBB WA NOE. 14-29/8	100.000	+1.21%+1.200	11/24/202510:40:06	AT0000A15VS1	--	--	03/12/2029	D
HNOE 3,40% Anleihe 24-27/04	100.290	0.00%0.000	11/24/202509:21:38	AT0000A3BMM2	--	--	04/15/2027	D
HWBB 4,00% WB-WA 23-34/12 NOE	99.480	+0.10%+0.100	11/24/202509:21:38	AT0000A372V1	--	--	04/11/2034	D
Hypo-WBB WA NOE. 12-27/2	99.730	0.00%0.000	11/24/202509:21:37	AT0000A0V453	--	--	04/04/2027	D
Hypo-WBB WA NOE. 15-27/7	99.670	-0.01%-0.010	11/24/202509:21:37	AT0000A1CBD6	--	--	01/21/2027	D
1,65% Hypo-WBB WA NOE19-31/4S1	89.620	+0.07%+0.060	11/24/202509:21:37	AT0000A25YR6	--	--	07/23/2031	D
Hypo-WBB St.Zi.WA NOE19-31/5S2	92.780	+0.08%+0.070	11/24/202509:21:37	AT0000A25YS4	--	--	07/23/2031	D
Hypo-WBB WA NOE. 12-27/1	101.050	+0.01%+0.010	11/24/202509:21:37	AT0000A0V446	--	--	04/04/2027	D
Hypo-WBB WA NOE. 15-30/6	93.240	+0.05%+0.050	11/24/202509:21:37	AT0000A1CBC8	--	--	01/21/2030	D
Hypo-WBB WA NOE. 11-26/15	100.170	-0.01%-0.010	11/24/202509:21:37	AT0000A0MQY1	--	--	04/01/2026	D
Hypo-WBB WA NOE. 14-26/9	99.700	+0.01%+0.010	11/24/202509:21:37	AT0000A15VT9	--	--	03/12/2026	D
Hypo-WBB WA NOE. 15-30/19	93.430	+0.06%+0.060	11/24/202509:21:37	AT0000A1HQ64	--	--	12/17/2030	D
HYPO NOE 3,8% SV 23-26/03	99.900	+0.08%+0.080	11/24/202509:21:37	AT0000A35A00	--	--	06/09/2026	D
Hypo-WBB WA NOE. 13-28/17	99.420	+0.02%+0.020	11/24/202509:21:37	AT0000A0ZK93	--	--	03/05/2028	D
Hypo-WBB WA NOE. 15-28/20	96.920	+0.01%+0.010	11/24/202509:21:37	AT0000A1HQ72	--	--	12/18/2028	D
var. Hypo-WBB WA NOe 05-26/28	99.770	0.00%0.000	11/24/202509:21:36	AT0000491188	--	--	01/01/2026	D
OMV 1% Fi.Rate Notes 17-26/S.9	98.420	-0.26%-0.260	11/21/202514:41:18	XS1734689620	--	--	12/14/2026	D
RWBB 0,25-1,35%StzWSV 16-26/16	97.500	+1.04%+1.000	11/21/202514:31:37	AT000B124599	--	--	10/19/2026	D
PV-Inv. Green Bond 24-30	98.000	0.00%0.000	11/21/202514:15:52	AT0000A3FMY8	--	--	11/03/2030	D
Hypo-WBB WA OOE. 17-37/1	81.850	-1.27%-1.050	11/21/202514:15:29	AT0000A1Q048	--	--	01/12/2037	D
HWBB 0,75-1,25% WA 21-33/2 OOE	80.400	-0.63%-0.510	11/21/202514:15:22	AT0000A2TKT5	--	--	10/14/2033	D
Immo-B. 3% Wandel SV 14-29/1	100.360	+0.29%+0.290	11/21/202514:15:18	AT0000A15807	--	--	01/31/2029	D
OOLB 0,25-0,75%Stfz-A19-27/19	95.550	0.00%0.000	11/21/202514:15:18	AT0000A2AKJ6	--	--	10/08/2027	D
HTB 3,00% Anl. 23-27	100.900	-0.13%-0.130	11/21/202514:15:17	AT0000A327J0	--	--	05/27/2027	D
Hypo-WBB 1,5% WA 18-30/1 OOE	93.000	0.00%0.000	11/21/202514:15:14	AT0000A1Z676	--	--	01/15/2030	D
Hypo-WBB WA Tir. 17-27/8	99.170	+0.01%+0.010	11/21/202514:15:10	AT0000A1U2B3	--	--	03/08/2027	D
Hypo-WBB WA OOE. 15-27/8	98.550	0.00%0.000	11/21/202514:15:08	AT0000A1D301	--	--	02/18/2027	D
OOLB CM Anleihe 21-26/S.39	100.000	0.00%0.000	11/21/202514:15:07	AT0000A2QAF1	--	--	03/02/2026	D
RLB STMK OBL 24-29/5	101.000	+0.05%+0.050	11/21/202514:15:00	AT000B094024	--	--	01/18/2029	D
BKS 3,125%  Nr Obl. 19-31/5	96.000	+1.04%+0.990	11/21/202513:00:25	AT0000A2B493	--	--	05/28/2031	D
OB 3,60% Anl.24-17.06.2031	100.390	-0.23%-0.230	11/21/202513:00:22	AT000B127444	--	--	06/17/2031	D
BTV Nachrangige Anl. 17-27/22	98.250	-0.25%-0.250	11/21/202513:00:16	AT0000A1YQC0	--	--	10/20/2027	D
SPKO 3,75% RegNachhAnl.23-28/4	102.760	-0.02%-0.020	11/21/202513:00:13	AT000B101555	--	--	09/18/2028	D
OB 2,2% Anl. 22-12.08.2027	98.710	+0.03%+0.030	11/21/202513:00:13	AT000B127238	--	--	08/12/2027	D
ASPKOO 2,15% NR Bond 21-31/3	87.200	-0.31%-0.270	11/21/202513:00:11	AT000B101431	--	--	09/15/2031	D
OB 2,65% Anl.24-04.01.29	98.850	-0.06%-0.060	11/21/202513:00:10	AT000B127477	--	--	01/04/2029	D
AT&S Unda.Res.Fixed.Subo.Notes	95.610	+0.03%+0.030	11/21/202510:39:31	XS2432941693	--	--	open-end	D
OMV 3,25% Anleihe 24-31/S.20	101.740	+0.08%+0.080	11/20/202516:29:53	XS2886118079	--	--	09/04/2031	D
WrStaedVIG 3,5% nr SV 17-27/1	102.950	+1.93%+1.950	11/20/202514:15:33	AT0000A1VKJ4	--	--	05/11/2027	D
HWBB MinMax WA 21-37/1 OOE	81.600	-0.67%-0.550	11/20/202514:15:05	AT0000A2VD78	--	--	02/17/2037	D
BAWAG 3,1% Pfdbr.23-26/DIP S.2	100.200	-0.01%-0.010	11/20/202514:15:04	AT0000A32Y96	--	--	04/21/2026	D
EGB 2,10% Pfandbr.25-28/S1969	97.100	-0.92%-0.900	11/20/202513:15:27	AT0000A3L6X7	--	--	11/14/2028	D
BTV NR Stfz. Obl. 19-29/18	95.000	0.00%0.000	11/20/202513:00:28	AT0000A2AZA3	--	--	11/26/2029	D
OB 0,60%  Anl. 20-28	93.300	+0.01%+0.010	11/20/202513:00:22	AT000B127055	--	--	08/24/2028	D
OB 3,2% NR-Anl. 22-25.05.2030	98.900	0.00%0.000	11/20/202513:00:17	AT000B127212	--	--	05/25/2030	D
ASPKOOE NR Fix/Float A.22-32/5	100.640	+0.06%+0.060	11/20/202513:00:14	AT000B101480	--	--	09/28/2032	D
RBI Green Infl.Bd.III23-28/262	96.000	+0.01%+0.010	11/20/202513:00:08	AT000B015433	--	--	01/31/2028	D
UBM 7% Green Bonds 23-27	103.890	0.00%0.000	11/20/202512:45:09	AT0000A35FE2	--	--	07/10/2027	D
UBM 7% Green Bonds 24-29	103.880	-0.01%-0.010	11/20/202512:45:08	AT0000A3FFK1	--	--	10/29/2029	D
OMV 3,125% Notes 25-33/S.22	98.240	+0.08%+0.080	11/20/202509:13:02	XS3225966699	--	--	11/10/2033	D
OMV 2,375% Anleihe 20-32/S.17	96.910	-0.02%-0.020	11/20/202509:05:34	XS2154348424	--	--	04/09/2032	D
OMV 2% Anleihe 20-28/S.16	99.190	-0.01%-0.010	11/20/202509:05:31	XS2154347707	--	--	04/09/2028	D
VERBUND 3,25% Green N. 24-31	101.760	-0.04%-0.040	11/20/202509:05:31	XS2821745374	--	--	05/17/2031	D
OMV 0,75% Anleihe 20-30/S.19	92.350	0.00%0.000	11/20/202509:05:24	XS2189613982	--	--	06/16/2030	D
A1 TowersHold. 5,25%Notes23-28	105.540	-0.03%-0.030	11/20/202509:05:22	XS2644414125	--	--	07/13/2028	D
OMV 15y Notes 19-34	82.430	+0.04%+0.030	11/20/202509:05:19	XS2022093517	--	--	07/03/2034	D
CA Immo 0,875% Anleihe 20-27	97.700	+0.02%+0.020	11/20/202509:05:17	XS2099128055	--	--	02/05/2027	D
OMV 3,5% Anl. 12-27/S.6	101.900	-0.03%-0.030	11/20/202509:05:17	XS0834371469	--	--	09/27/2027	D
Borealis 1,75 % Notes 18-25	99.900	0.00%0.000	11/20/202509:05:16	AT0000A24UY3	--	--	12/10/2025	D
voestalpine3.75%GreenN.24-29/1	103.230	-0.02%-0.020	11/20/202509:05:15	AT0000A3FA05	--	--	10/03/2029	D
Wienerberger Sust.Link.B.23-28	105.190	-0.02%-0.020	11/20/202509:05:14	AT0000A37249	--	--	10/04/2028	D
CA IMMO 4,25% Green B. 24--30	102.380	-0.02%-0.020	11/20/202509:05:13	XS2927556519	--	--	04/30/2030	D
OMV AG 1.875% Notes 18-28/S11	97.950	-0.01%-0.010	11/20/202509:05:11	XS1917590959	--	--	12/04/2028	D
VERBUND 0,9%Green+Sust.N.21-41	66.600	-0.08%-0.050	11/20/202509:05:09	XS2320746394	--	--	04/01/2041	D
Telek.Fin.1,5% Anl. 16-26	99.230	0.00%0.000	11/20/202509:05:08	XS1405762805	--	--	12/07/2026	D
HWBB 3,25% WB-WA 24-36/3  OOE	95.950	-2.49%-2.450	11/19/202514:30:27	AT0000A39P41	--	--	01/24/2036	D
Hypo-WBB WA OOE. 16-36/12	80.150	-1.23%-1.000	11/19/202514:15:21	AT0000A1MBX3	--	--	07/25/2036	D
HWBB 4,00% WB-WA 23-35/15, ST	106.650	-0.09%-0.100	11/19/202514:15:19	AT0000A37JL5	--	--	10/17/2035	D
BAWAG P.S.K.WB.WD13-28/02	99.710	+0.05%+0.050	11/19/202514:15:18	AT0000A0Y1R8	--	--	01/18/2028	D
RaiffWBB 1,1-2% StzWA 17-27/19	99.050	-0.05%-0.050	11/19/202514:15:14	AT000B124623	--	--	10/06/2027	D
HWBB 2,75% WB-WA 22-34/2  OOE	92.450	-1.68%-1.580	11/19/202514:15:12	AT0000A2ZQB7	--	--	08/04/2034	D
RWBB Min-Max-WA 18-28/20	99.050	-0.05%-0.050	11/19/202514:15:11	AT000B124631	--	--	06/29/2028	D
BAWAG P.S.K.WB.WD12-27/03	100.280	+0.08%+0.080	11/19/202514:15:09	AT0000A0SQY8	--	--	01/09/2027	D
RWBB vario WSV 15-27/10	98.900	0.00%0.000	11/19/202514:15:06	AT000B124532	--	--	10/12/2027	D
RLBTir 3,60% Anleihe 23-26/17	99.850	0.00%0.000	11/19/202514:15:05	AT0000A32SB8	--	--	03/06/2026	D
Hypo-WBB WA Bgl. 14-25/24	99.760	-0.02%-0.020	11/19/202514:15:02	AT0000A1AMU1	--	--	12/19/2025	D
RWBB vario WSV 16-28/RLBTirol	98.300	0.00%0.000	11/19/202514:15:01	AT000B124565	--	--	10/10/2028	D
BTV Kapitalschutzanl.19-26/9	131.890	-0.86%-1.150	11/19/202513:15:12	AT0000A28KA5	--	--	07/29/2026	D
SIMMO 2,875% Anl.18-30/S2/2018	103.000	+6.74%+6.500	11/19/202513:06:30	AT0000A1Z9C1	--	--	02/06/2030	D
BKS 3,75% Obl. 23-28/6	102.400	-0.05%-0.050	11/19/202513:00:26	AT0000A38H18	--	--	11/13/2028	D
OB 0,40% Anl. 21-29	91.390	0.00%0.000	11/19/202513:00:26	AT000B127121	--	--	02/26/2029	D
BTV Stuzi Obl 23-28/9	103.280	-0.05%-0.050	11/19/202513:00:23	AT0000A36WV9	--	--	09/19/2028	D
AllgSpk 170Jah.Jub.Anl.19-26/4	99.530	+0.06%+0.060	11/19/202513:00:19	AT000B101340	--	--	01/21/2026	D
BTV KS Anl. Oesterr.20-27/11	132.770	+0.33%+0.440	11/19/202513:00:00	AT0000A2HKR4	--	--	07/30/2027	D
BKS 0,75% Obl. 21-30/1	90.750	-0.27%-0.250	11/19/202513:00:00	AT0000A2NPT7	--	--	02/08/2030	D
Pierer Industrie 2,5%Anl.20-28	86.010	+0.60%+0.510	11/19/202512:45:13	AT0000A2JSQ5	--	--	04/22/2028	D
RWBB 1,5-2,5% Stfz.WSV 14-28/5	99.250	+2.58%+2.500	11/18/202514:30:33	AT000B020987	--	--	09/19/2028	D
HWBB 3,25% WB-WA 24-36/12  OOE	97.810	-3.16%-3.190	11/18/202514:30:21	AT0000A3E7N5	--	--	08/13/2036	D
HWBB MinMaxWA 19-31/13 Tir/S1	92.860	-0.16%-0.150	11/18/202514:15:29	AT0000A296C2	--	--	08/05/2031	D
HWBB 3,90% WB-WA 23-34/8, ST	105.800	-1.40%-1.500	11/18/202514:15:26	AT0000A36HD8	--	--	09/01/2034	D
HWBB 3,25% WB-WA 23-34/1 BGLD	100.050	+0.11%+0.110	11/18/202514:15:21	AT0000A325N6	--	--	01/25/2034	D
HWBB 3,75% WB-WA 23-34/10 BGLD	103.310	-0.95%-0.990	11/18/202514:15:18	AT0000A36WZ0	--	--	09/15/2034	D
RLBTir 3,75% Anl. 23 - 26/S.20	100.200	0.00%0.000	11/18/202514:15:10	AT0000A35FF9	--	--	06/26/2026	D
OOLB variabel  Anl.22-27/S 56	99.150	0.00%0.000	11/18/202514:15:09	AT0000A30FD5	--	--	10/07/2027	D
BAWAGPSK WBB 3,7% WA 23-33/S2	104.250	0.00%0.000	11/18/202514:15:09	AT0000A36X93	--	--	11/29/2033	D
HTB 3% Anl. 22-27	100.180	-0.03%-0.030	11/18/202514:15:02	AT0000A30KW5	--	--	10/05/2027	D
Hypo-WBB WA Tir. 16-26/11	99.620	+0.01%+0.010	11/18/202514:15:01	AT0000A1LK31	--	--	07/01/2026	D
HWBB 3% WB-WA 22-33/3 Bgld	98.480	-0.76%-0.750	11/18/202514:15:00	AT0000A30608	--	--	09/23/2033	D
OB 2,00% NR  Anleihe 20-27	95.000	-1.04%-1.000	11/18/202513:15:41	AT000B127105	--	--	12/07/2027	D
OB 1,7% NR-Anl.21-28	94.000	-0.99%-0.940	11/18/202513:15:08	AT000B127113	--	--	01/29/2028	D
SIMMO 5,5% Green Bond 23-28/S1	106.000	+3.92%+4.000	11/18/202513:00:29	AT0000A35Y85	--	--	07/12/2028	D
HWBB 3 %  WA OOe14-30/2	98.050	0.00%0.000	11/18/202513:00:28	AT0000A159W0	--	--	02/04/2030	D
SPK OOE 3,25% Fixzins 24-30/10	101.360	-0.04%-0.040	11/18/202513:00:19	AT000B101670	--	--	07/23/2030	D
RLB OO NR Fixz. Anl.24-32/S452	103.000	+0.98%+1.000	11/18/202513:00:11	AT0000A3CTG7	--	--	05/28/2032	D
BKS 5%  Nachr.Obl.22-32/6	104.000	0.00%0.000	11/18/202513:00:10	AT0000A30749	--	--	10/10/2032	D
BKS 0,40% OBL 21-26/3	98.450	0.00%0.000	11/18/202513:00:06	AT0000A2U2E6	--	--	06/01/2026	D
OB 4,55% Nachr.Anl.23-01.12.33	99.150	-0.96%-0.960	11/18/202513:00:03	AT000B127386	--	--	12/01/2033	D
HWBB 0,75-1,25%WWA 20-35/4 OOE	78.500	+2.80%+2.140	11/17/202514:30:12	AT0000A2HTG8	--	--	08/14/2035	D
BAWAG 3,75% Anl.23-26/DIP S.1	100.150	-0.01%-0.010	11/17/202514:15:18	AT0000A31L43	--	--	02/10/2026	D
HWBB 3,90% WB-WA 23-35/19  OOE	107.210	+0.20%+0.210	11/17/202514:15:04	AT0000A38JE8	--	--	03/28/2035	D
RLB STMK 3,50% OBL 23-26/11	100.800	+0.05%+0.050	11/17/202514:15:01	AT000B093927	--	--	08/27/2026	D
WEB Wind 4,5% Hybrid-Anl. 2019	99.000	+0.97%+0.950	11/17/202514:00:05	AT0WEB190HA3	--	--	open-end	D
BTV 2,65% USD OBL 19-26/10	98.600	+0.56%+0.550	11/17/202513:15:37	AT0000A28K98	--	--	07/29/2026	D
BKS 2,75%  Nr. Obl. 20-32/1	92.000	+3.30%+2.940	11/17/202513:15:24	AT0000A2CWL3	--	--	03/02/2032	D
BTV nr Anl. 16-26/11	99.000	-0.50%-0.500	11/17/202513:15:17	AT0000A1LE21	--	--	06/09/2026	D
OB 3,95% Anl. 23-12.07.2028	101.930	-0.14%-0.140	11/17/202513:00:23	AT000B127352	--	--	07/12/2028	D
BTV Stuzi Obl 23-28/6	102.040	-0.08%-0.080	11/17/202513:00:16	AT0000A339M9	--	--	04/06/2028	D
RLB NW 3,20 % Anl. 24-27/109	99.000	+0.50%+0.490	11/17/202513:00:14	AT000B078886	--	--	03/05/2027	D
BTV Stuzi Obl 23-28/1	102.150	+0.02%+0.020	11/17/202513:00:04	AT0000A324D0	--	--	01/18/2028	D
BTV Nr Stfz.Obl 20-30/6	95.500	0.00%0.000	11/17/202513:00:03	AT0000A2CVS0	--	--	03/27/2030	D
ImmoBk 1,05%  fd. WSV 15-27/1	98.240	+9.02%+8.130	11/14/202514:31:31	AT0000A1D574	--	--	02/18/2027	D
Hypo-WBB WA Bgl. 14-26/18	99.000	+0.08%+0.080	11/14/202514:15:08	AT0000A19SE9	--	--	11/03/2026	D
RLB STMK OBL 24-27/4	100.500	-0.10%-0.100	11/14/202514:15:04	AT000B094016	--	--	01/18/2027	D
OB 3,90% NR Anl.25-14.01.2033	94.110	+0.10%+0.090	11/14/202513:00:20	AT000B130315	--	--	01/14/2033	D
BTV Stuzi Obl 20-26/8	99.920	0.00%0.000	11/14/202513:00:12	AT0000A2FAV1	--	--	05/28/2026	D
OB 3,325% Anl. 24-18.03.2030	100.080	-0.53%-0.530	11/14/202513:00:12	AT000B127410	--	--	03/18/2030	D
BKS 3 % Nr Obl. 19-30/4	95.000	-1.04%-1.000	11/14/202513:00:09	AT0000A2AE49	--	--	09/30/2030	D
OB 1,25% Anl. 22-18.02.2029	94.020	-0.12%-0.110	11/14/202513:00:08	AT000B127188	--	--	02/18/2029	D
OB Nr Stfz.-Anl.19-29	96.600	0.00%0.000	11/14/202513:00:02	AT000B126974	--	--	06/11/2029	D
AAB STFZ.ANL. 14-26	99.500	0.00%0.000	11/13/202514:15:26	AT0000A18R51	--	--	07/07/2026	D
RWBB 0,70-1,70%StzWSV 16-28/18	95.970	+0.89%+0.850	11/13/202514:15:25	AT000B124615	--	--	11/10/2028	D
HYPO-WBB WA18-28/2 Tirol	98.510	+0.01%+0.010	11/13/202514:15:18	AT0000A1Z7U7	--	--	01/05/2028	D
Hypo-WBB WA Ktn. 15-27/12	98.600	0.00%0.000	11/13/202514:15:11	AT0000A1D8M8	--	--	03/02/2027	D
Hypo-WBB WA OOE. 14-26/25	98.550	+0.10%+0.100	11/13/202514:15:07	AT0000A1AS85	--	--	12/01/2026	D
RLBTir 0,5 % Anleihe 20-27/1	95.900	0.00%0.000	11/13/202514:15:06	AT0000A2HB45	--	--	07/06/2027	D
HTB 0,52% Anl. 20-27	97.420	+0.08%+0.080	11/13/202514:15:04	AT0000A2C0J1	--	--	01/10/2027	D
RLBStmk1,75-2,65%NrStzA19-29/4	93.500	+0.75%+0.700	11/13/202514:15:02	AT000B093422	--	--	06/06/2029	D
BTV Stuzi Obl 25-30/1	98.220	-0.09%-0.090	11/13/202513:00:27	AT0000A3H8D1	--	--	01/08/2030	D
OB 3,10% Anl. 24-29.05.2027	99.710	-0.09%-0.090	11/13/202513:00:26	AT000B127436	--	--	05/29/2027	D
OB 3,25% Anl. 24-12.01.2030	100.300	+0.10%+0.100	11/13/202513:00:07	AT000B127402	--	--	01/12/2030	D
HTB 2,8% OEFF.PFBR 23-28/S.234	100.330	-0.04%-0.040	11/12/202514:15:21	AT0000A339G1	--	--	03/27/2028	D
Hypo-WBB WA Bgl. 14-26/13	99.510	+0.03%+0.030	11/12/202514:15:21	AT0000A18QP1	--	--	07/15/2026	D
sWBB 3,3% Wohnbauanl.23-34/02	103.250	+0.73%+0.750	11/12/202514:15:07	AT000B116900	--	--	03/21/2034	D
SPK OOE Stufenzinsanl. 25-32/1	100.340	+0.20%+0.200	11/12/202513:00:21	AT000B101696	--	--	01/27/2032	D
RLBStmk 4,15% nrFixz.A16-26/17	100.010	+0.11%+0.110	11/12/202513:00:11	AT000B092895	--	--	07/27/2026	D
21Shares AG EthereumETP/S.AETH	33.650	+6.55%+2.070	11/12/202511:48:02	CH0454664027	--	--	open-end	D
HWBB 3,00% WB-WA 24-34/2 TIR	96.950	-3.05%-3.050	11/11/202514:30:30	AT0000A39GZ7	--	--	07/15/2034	D
HWBB 3,00% WB-WA 24-35/1 BGLD	97.780	-2.12%-2.120	11/11/202514:30:22	AT0000A39FE4	--	--	01/12/2035	D
Hypo-WBB WA Bgl. 16-31/14	95.470	+0.10%+0.100	11/11/202514:15:14	AT0000A1PE19	--	--	11/25/2031	D
RWBB 4% WB-WA-SV 23-34/24	107.000	0.00%0.000	11/11/202514:15:12	AT000B124672	--	--	06/06/2034	D
sWBB 3,05% Wohnbauanl.24-34/01	100.110	+0.11%+0.110	11/11/202514:15:07	AT000B116926	--	--	08/19/2034	D
RLBOO Nr Fix/Flt.A.20-28/S.323	91.010	+0.01%+0.010	11/11/202513:00:26	AT0000A2HRV1	--	--	08/18/2028	D
UBM 3,125% Sustain-Li-Bd.21-26	99.000	-0.46%-0.460	11/11/202512:45:25	AT0000A2QS11	--	--	05/21/2026	D
BKS 3% Nr. Obl. 20-30/3	96.000	+0.58%+0.550	11/10/202513:00:27	AT0000A2HL84	--	--	07/31/2030	D
BKS 4 % Nachrang. Obl. 24-31/5	99.000	0.00%0.000	11/10/202513:00:25	AT0000A3EPG1	--	--	09/16/2031	D
BTV GMFL Plus 21-28/2	97.800	0.00%0.000	11/10/202513:00:22	AT0000A2Q2N3	--	--	03/29/2028	D
HTB 0,56% Anl. 21-28	95.150	+1.42%+1.330	11/07/202514:30:54	AT0000A2N6R8	--	--	01/20/2028	D
HWBB 1-2,75%Dyn.WA 18-33/6 OOE	92.000	+1.94%+1.750	11/07/202514:30:44	AT0000A22NL9	--	--	08/30/2033	D
BAWAG PSK WBB WA 3,1% 24-34/3	101.000	+1.00%+1.000	11/07/202514:15:09	AT0000A3D5F6	--	--	09/18/2034	D
BTV Stuzi Obl 22-27/1	96.900	0.00%0.000	11/07/202513:00:17	AT0000A2VDK5	--	--	02/25/2027	D
Hypo-WBB 2,8% kbWA OOe 13-28/2	99.100	-0.05%-0.050	11/07/202513:00:17	AT0000A0YEF1	--	--	01/17/2028	D
ASpkOOE nrGM-Fltr17-27/7	97.540	0.00%0.000	11/07/202513:00:12	AT000B101308	--	--	12/20/2027	D
sWBB MinMax WBA 16-27/05	99.100	-0.30%-0.300	11/06/202514:30:08	AT000B116611	--	--	10/06/2027	D
BKS 3,25% Obl. 22-27/4	100.600	-0.05%-0.050	11/06/202513:00:25	AT0000A306T3	--	--	04/10/2027	D
BKS 2,875% Green Bond 25-30/2	99.450	-0.10%-0.100	11/06/202513:00:21	AT0000A3HTX1	--	--	02/17/2030	D
ASPKOO 3,625% Nachhalt.A.23-27	101.410	-0.04%-0.040	11/06/202513:00:20	AT000B101522	--	--	04/14/2027	D
SPK OOE Stfz-Anl.23-29/6	104.810	-0.32%-0.340	11/06/202513:00:14	AT000B101571	--	--	11/20/2029	D
HTB 2% Anl. 22-28	97.790	+0.17%+0.170	11/05/202514:15:22	AT0000A2YA78	--	--	06/07/2028	D
BTV 5% USD Obl 23-29/4	102.380	+1.36%+1.370	11/05/202513:15:50	AT0000A32TC4	--	--	03/07/2029	D
3BK-WBB Stuf.Zi.WA.14-26/Oberb	99.530	-0.09%-0.090	11/05/202513:00:15	AT0000A19RN2	--	--	10/07/2026	D
3BK-WBB Stuf.Zins.WA.14-26/BKS	101.100	-0.10%-0.100	11/05/202513:00:09	AT0000A17WE5	--	--	06/16/2026	D
BTV USD GMFL 20-26/14	99.370	+0.01%+0.010	11/05/202513:00:06	AT0000A2HVG4	--	--	09/30/2026	D
HWBB 3,90% WB-WA 23-35/9 OOE	102.300	-3.49%-3.700	11/04/202515:21:08	AT0000A36W78	--	--	07/06/2035	D
HWBB 4% WB-WA 23-33/1 RLB OOE	108.200	0.00%0.000	11/04/202514:15:22	AT0000A36X28	--	--	09/22/2033	D
RaiffWBB 1-1,9% StzWA 16-26/12	99.900	+0.15%+0.150	11/04/202514:15:22	AT000B124557	--	--	05/12/2026	D
OOLB Fix/Float Anl.24-29/S.82	99.250	0.00%0.000	11/04/202514:15:04	AT0000A3FQH4	--	--	10/18/2029	D
EGB 3,40% Anl. 23-26/DIP 1830	99.700	0.00%0.000	11/04/202513:00:16	AT0000A324M1	--	--	02/06/2026	D
EGB CMS nr Float.16-26/DIP1487	99.000	-0.50%-0.500	11/04/202513:00:02	AT0000A1HUU9	--	--	01/27/2026	D
sWBB 1,0% WBA 16-27/04	97.050	+2.05%+1.950	11/03/202514:47:03	AT000B116603	--	--	09/06/2027	D
Hypo-WBB WA OOE. 15-30/3	97.500	+0.10%+0.100	11/03/202514:15:25	AT0000A1BCQ8	--	--	01/08/2030	D
RLB STMK 4% OBL 23-28/9	103.200	-0.19%-0.200	11/03/202514:15:25	AT000B093885	--	--	01/24/2028	D
sWBB KMU WBA 16-27/06	98.300	+0.29%+0.280	11/03/202514:15:25	AT000B116629	--	--	01/16/2027	D
HWBB WB-WA 25-37/7  TIR	97.250	-0.26%-0.250	11/03/202514:15:11	AT0000A3J0E4	--	--	06/30/2037	D
RLBOO Nr Stufenz.anl. 18-28/97	99.000	+1.99%+1.930	11/03/202513:59:23	AT0000A205H2	--	--	03/20/2028	D
RLBOO 3,65% Anl.23-27/DIP S419	100.000	+1.46%+1.440	11/03/202513:15:27	AT0000A324G3	--	--	01/18/2027	D
RBI Green Infl-li Bo.22-27/256	96.070	-0.96%-0.930	11/03/202513:15:09	AT000B015409	--	--	09/16/2027	D
BKS 3,10% Obligation 24-29/1	100.550	+0.05%+0.050	11/03/202513:00:02	AT0000A3A1V5	--	--	02/08/2029	D
HWBB 2,85% WB-WA 25-38/2  OOE	93.300	0.00%0.000	10/31/202515:00:34	AT0000A3HG07	--	--	07/13/2038	D
HWBB 3,90% WB-WA 23-34/7 OOE	103.000	+1.68%+1.700	10/31/202514:30:36	AT0000A36F20	--	--	07/28/2034	D
HWBB 3,30% WB-WA 24-36/11  OOE	99.100	-1.34%-1.350	10/31/202514:15:10	AT0000A3DYT8	--	--	04/02/2036	D
RWBB 1%  WSV 16-28/14	93.010	-0.53%-0.500	10/31/202514:15:08	AT000B124581	--	--	10/07/2028	D
Hypo-WBB WA OOE. 15-26/2	99.850	+0.05%+0.050	10/31/202514:15:08	AT0000A1BCN5	--	--	01/08/2026	D
WEB Windenergie 4,5% Anl.23-33	99.200	-0.10%-0.100	10/31/202514:00:01	AT0WEB2310A6	--	--	04/19/2033	D
SPKOO 4,625% Nachr.Anl.24-34/3	101.920	+1.80%+1.800	10/31/202513:15:29	AT000B101605	--	--	02/23/2034	D
Hypo-WBB 3%  WA OOe 13-29/14	99.500	+0.66%+0.650	10/31/202513:00:23	AT0000A0ZJF7	--	--	03/14/2029	D
OB 3,50% Anleihe 22-27	100.810	-0.16%-0.160	10/31/202513:00:05	AT000B127253	--	--	12/14/2027	D
3BK-WBB Stuf.Zins.WA.15-28/BKS	97.950	-0.76%-0.750	10/31/202513:00:02	AT0000A1E2D9	--	--	06/02/2028	D
HWBB 4% WB-WA 22-34/4 OOE	102.200	-4.58%-4.900	10/30/202514:30:45	AT0000A31FU7	--	--	11/07/2034	D
HWBB WB-WA 25-37/3  OOE	96.750	0.00%0.000	10/30/202514:15:14	AT0000A3HG15	--	--	01/13/2037	D
Hypo-WBB WA OOE. 16-32/2	91.600	+0.44%+0.400	10/30/202514:15:03	AT0000A1HR63	--	--	01/20/2032	D
HWBB 4% WB-WA 23-35/4 OOE	105.100	-0.94%-1.000	10/30/202514:15:01	AT0000A345X3	--	--	05/08/2035	D
UCBA Stufenzi.-Pfbr.17-27/R140	97.050	+2.15%+2.040	10/30/202513:16:27	AT000B049655	--	--	05/18/2027	D
OB 4,05% NR-Anl. 24-18.03.2032	97.620	+2.65%+2.520	10/30/202513:16:01	AT000B127428	--	--	03/18/2032	D
HTB nachr.Schuldv.16-26/S.181	101.800	+0.79%+0.800	10/30/202513:15:44	AT0000A1NA80	--	--	09/01/2026	D
BTV 3,85% OBL 22-27/15	101.960	+0.08%+0.080	10/30/202513:00:25	AT0000A31KG6	--	--	11/09/2027	D
OB 3,8% Anl. 22-14.10.2027	101.360	-0.09%-0.090	10/30/202513:00:20	AT000B127246	--	--	10/14/2027	D
OB Jubilaeumsanl. II 19-26	99.220	+0.15%+0.150	10/30/202513:00:17	AT000B126925	--	--	02/08/2026	D
Biogena-7,5% Anleihe III 24-29	107.000	+2.88%+3.000	10/29/202514:16:01	AT0000A3EX82	--	--	12/01/2029	D
RWBB 4% WB-WA 23-34/23	108.420	+0.02%+0.020	10/29/202514:15:12	AT000B124664	--	--	04/13/2034	D
HWBB 3,75% WB-WA 23-33/5 ST	105.550	+0.59%+0.620	10/29/202514:15:08	AT0000A35391	--	--	06/07/2033	D
BKS 2,25 % nr Obl. 18-26/3	99.000	-0.20%-0.200	10/29/202513:00:14	AT0000A23JY8	--	--	10/01/2026	D
BKS 3,00% Nr.Obl. 22-32/2	94.000	+3.30%+3.000	10/28/202514:03:01	AT0000A2X307	--	--	04/19/2032	D
BKS 3,9% Obl.23-29/S.5	103.550	-0.24%-0.250	10/28/202513:00:28	AT0000A36CD9	--	--	07/26/2029	D
BTV Stuzi Obl 21-27/8	96.470	+0.41%+0.390	10/28/202513:00:17	AT0000A2RZ94	--	--	07/30/2027	D
BKS 3,375 % Green Bond 23-29/1	101.550	-0.29%-0.300	10/28/202513:00:02	AT0000A32RN5	--	--	02/20/2029	D
OBB-IS 2,25 % SV 14-29/S.36/1	121.500	+0.21%+0.260	10/28/202512:45:02	XS1071747023	--	--	05/28/2029	D
BKS 5,00% Nr Obl.23-33/S.3	100.000	-2.93%-3.020	10/27/202513:17:14	AT0000A33107	--	--	03/20/2033	D
BKS 3,00 % Obl.22-27/7	100.250	0.00%0.000	10/27/202513:00:07	AT0000A321C8	--	--	02/15/2027	D
OB nachr.Stufenz.Anl. 18-26	99.100	-0.35%-0.350	10/27/202513:00:03	AT000B126784	--	--	01/31/2026	D
21Shares AG Bitcoin ETP/S.ABTC	31.870	-3.98%-1.320	10/24/202515:56:52	CH0454664001	--	--	open-end	D
RWBB 2% WSV 14-29/S.4	100.500	+3.61%+3.500	10/24/202515:31:51	AT000B020979	--	--	09/19/2029	D
3,75% WEB Windenerg.-Anl.16-26	95.000	-13.64%-15.000	10/24/202514:39:23	AT0000A1MC22	--	--	09/26/2026	D
WEB Windenergie 2,25%Anl.18-28	95.000	+11.76%+10.000	10/24/202514:34:52	AT0WEB1810A6	--	--	09/25/2028	D
HTB Fix-Minimax Anl.19-26	99.870	+0.08%+0.080	10/24/202514:15:28	AT0000A25HP5	--	--	01/07/2026	D
HWBB 3% WB-WA 24-34/5 RLB OOE	99.000	0.00%0.000	10/24/202514:15:07	AT0000A3A212	--	--	02/06/2034	D
sWBB 2,90% Wohnbauanl.24-35/03	100.100	-0.89%-0.900	10/24/202514:15:00	AT000B116942	--	--	03/30/2035	D
sWBB 3,6 % Wohnbauanl.22-33/01	105.600	+1.44%+1.500	10/24/202514:15:00	AT000B116876	--	--	04/30/2033	D
OB 4% Anl. 23-03.01.2028	101.980	-0.05%-0.050	10/24/202513:00:05	AT000B127378	--	--	01/03/2028	D
RLB STMK Stfz.OBL.20-26/1	99.200	+0.51%+0.500	10/23/202514:15:17	AT000B093471	--	--	05/14/2026	D
BKS 0,60% Green Bond 20-26/4	98.450	0.00%0.000	10/22/202513:00:22	AT0000A2HL92	--	--	05/31/2026	D
HWBB 3,50% WB-WA 23-33/3  TIR	104.000	+2.80%+2.830	10/21/202514:30:56	AT0000A345M6	--	--	05/03/2033	D
Hypo-WBB 1,5% WA Bgld 18-30/4	95.060	+1.13%+1.060	10/21/202514:30:35	AT0000A1Z8T7	--	--	02/01/2030	D
HWBB 3,30% WB-WA 24-36/8  OOE	100.020	+4.02%+3.870	10/21/202514:30:34	AT0000A3AZW5	--	--	10/07/2036	D
BB 3,50% Fixzins Anl.23-28	102.270	+0.16%+0.160	10/21/202514:15:29	AT0000A36WM8	--	--	03/15/2028	D
HWBB 3,00% WB-WA 25-40/14 OOE	98.200	-0.05%-0.050	10/21/202514:15:23	AT0000A3ND44	--	--	08/06/2040	D
Hypo-WBB WA Bgl. 16-31/8	92.400	+0.08%+0.070	10/21/202514:15:07	AT0000A1KSA9	--	--	04/04/2031	D
OOLB 0,50% Anleihe 21-29/S.38	90.950	+0.33%+0.300	10/21/202514:15:02	AT0000A2QAE4	--	--	03/02/2029	D
BTV Geldmarkfloater 18-28/5 PP	99.920	0.00%0.000	10/21/202513:00:26	AT0000A20CC5	--	--	03/28/2028	D
BTV Geldmarktfloater 23-29/2	100.060	+0.16%+0.160	10/21/202513:00:06	AT0000A324E8	--	--	01/18/2029	D
HWBB MinMaxWA 19-31/8 OOE/S1	92.450	+1.35%+1.230	10/20/202514:30:43	AT0000A26861	--	--	02/12/2031	D
OOLB 0,75% Anl.20-27/S.23	96.500	+0.78%+0.750	10/20/202514:15:24	AT0000A2EM60	--	--	04/23/2027	D
RLBOONachFixz. Anl.24-30/S464	100.020	+0.02%+0.020	10/20/202513:00:11	AT0000A3GAV7	--	--	11/19/2030	D
HWBB 4,00% WB-WA 23-35/16  OOE	103.900	-4.81%-5.250	10/17/202515:21:18	AT0000A37UE7	--	--	10/31/2035	D
WEB 6,5% Hybrid-TeilSV 2015	95.000	-7.77%-8.000	10/17/202514:16:36	AT0000A1GTQ1	--	--	12/17/2025	D
RLB STMK 2,15 % Anl.22-27/5	99.800	+0.05%+0.050	10/17/202514:15:15	AT000B093745	--	--	02/05/2027	D
RBIGreenInfl-liBd II 20-27/219	99.050	0.00%0.000	10/17/202513:15:21	AT000B015052	--	--	10/02/2027	D
HWBB DYNAMIK WA OOe14-28/11	99.650	+0.20%+0.200	10/17/202513:00:08	AT0000A16QU5	--	--	03/20/2028	D
RBI Step-Up maRz XI 24-29/S296	99.000	0.00%0.000	10/17/202513:00:01	AT000B015730	--	--	06/10/2029	D
PV-Inv 4,15% GreenBond19-26/S2	95.000	+137.50%+55.000	10/16/202514:16:00	AT0000A2A1L7	--	--	10/31/2026	D
RLB STMK MIN-MAX 23-30/10	103.150	+0.24%+0.250	10/16/202514:15:09	AT000B093893	--	--	01/23/2030	D
HWBB 3,10% WB-WA 24-35/6, ST	100.800	+0.30%+0.300	10/16/202514:15:07	AT0000A3AAW8	--	--	02/05/2035	D
BTV Nr  Anl. 18-28/6	97.800	-0.47%-0.460	10/16/202513:00:22	AT0000A20E94	--	--	05/23/2028	D
OB 4,80% Nr.Anl. 23-08.09.2031	101.000	+0.50%+0.500	10/15/202513:00:11	AT000B127360	--	--	09/08/2031	D
BTV Stufenzins Obl.24-29/6	102.120	-0.08%-0.080	10/15/202513:00:07	AT0000A3BRX8	--	--	04/17/2029	D
HTB 0,65% Anl. 22-29	92.570	+2.60%+2.350	10/14/202515:21:14	AT0000A2UXD0	--	--	01/10/2029	D
LM Verwalt. 5,01% Anl. 21-31	103.000	+3.00%+3.000	10/14/202514:56:10	AT0000A2NWB1	--	--	12/02/2031	D
3BK-WBB WA TH Oberbank 14-26	100.000	-2.58%-2.650	10/14/202514:07:52	AT0000A15TP1	--	--	03/10/2026	D
EGB 3,25%KMUPfdbr 23-28/S.1872	100.650	+0.05%+0.050	10/14/202513:00:19	AT0000A37595	--	--	01/17/2028	D
OB 1,875% Nr Anl. 21-31	87.000	+0.17%+0.150	10/14/202513:00:15	AT000B127162	--	--	06/28/2031	D
BKS 3%  nachr.Obl. 20-30/2	95.400	-0.99%-0.950	10/14/202513:00:15	AT0000A2GGE2	--	--	05/25/2030	D
BKS 3,00% Green Bond 24-29/4	100.450	+0.45%+0.450	10/14/202513:00:03	AT0000A3EPF3	--	--	03/16/2029	D
RLB STMK MIN-MAX Fltr.20-27/2	98.650	+0.31%+0.300	10/13/202514:15:15	AT000B093489	--	--	05/14/2027	D
HTB 0,25% Anleihe 21-26	97.520	+0.39%+0.380	10/13/202514:15:12	AT0000A2TLP1	--	--	10/15/2026	D
BB 2,55% Fixzins Bond 22-27	100.000	+0.02%+0.020	10/13/202514:15:09	AT0000A2Z6M5	--	--	07/22/2027	D
EGB 2,15%Pfandb.III 25-29/1982	98.600	0.00%0.000	10/13/202513:15:25	AT0000A3MEK0	--	--	07/01/2029	D
BTV Kapitalmarktfltr.18-25/14	99.870	+0.09%+0.090	10/13/202513:00:21	AT0000A23V82	--	--	11/27/2025	D
EGB 2,20% Pfandbr.25-28/S.1956	98.200	0.00%0.000	10/13/202513:00:10	AT0000A3HTS1	--	--	03/05/2028	D
RLB STMK 3,75% OBL 23-27/13	102.350	+0.20%+0.200	10/10/202514:15:28	AT000B093992	--	--	09/01/2027	D
HTB 2,35% Oeff.Pfandbr. 24-29	98.620	-0.20%-0.200	10/10/202514:15:28	AT0000A39GE2	--	--	04/10/2029	D
RLB STMK MIN-MAX Float.22-29/2	98.850	+0.41%+0.400	10/10/202514:15:17	AT000B093679	--	--	05/23/2029	D
HTB nr.Stfz.SV 19-29/S.201	95.300	-2.95%-2.900	10/10/202513:15:50	AT0000A25KU9	--	--	01/21/2029	D
RLBOO Nr Anl. 22-30/DIP S.400	100.020	-0.97%-0.980	10/10/202513:00:16	AT0000A305Z2	--	--	09/20/2030	D
SPK OOE 2,7% nachh.Anl.25-30/3	99.230	0.00%0.000	10/10/202513:00:09	AT000B101712	--	--	04/29/2030	D
OOLB 3,50% Anl.23-27/S.64	100.300	-0.15%-0.150	10/09/202514:15:05	AT0000A32YB6	--	--	03/08/2027	D
Hypo-WBB WA OOE. 16-27/1	98.600	+0.05%+0.050	10/09/202514:15:05	AT0000A1HR55	--	--	01/18/2027	D
RLB.STMK FRN.15-27/14	99.350	+0.15%+0.150	10/09/202514:15:04	AT000B092465	--	--	09/17/2027	D
EGB Herbstfloater 22-28/S.1777	100.100	-0.30%-0.300	10/09/202513:00:26	AT0000A30ES6	--	--	10/31/2028	D
EGB 0,15%KMU-Anl.20-27/DIP1680	94.250	-0.26%-0.250	10/09/202513:00:08	AT0000A2JSP7	--	--	10/30/2027	D
BKS Sustain. Bond Var.22-29/5	100.000	+0.25%+0.250	10/09/202513:00:05	AT0000A306V9	--	--	10/10/2029	D
HWBB MinMax WB-WA 19-34/14 OOE	81.600	-0.63%-0.520	10/08/202514:15:07	AT0000A2AKG2	--	--	10/09/2034	D
HWBB 3,00% WB-WA 25-38/10  OOE	95.420	0.00%0.000	10/07/202514:34:17	AT0000A3L7E5	--	--	05/05/2038	D
BB 3,0% Hyp.Pfbr. 23-28	101.230	+0.20%+0.200	10/07/202514:15:08	AT0000A33L90	--	--	04/13/2028	D
ASpkOO Nr. Anl. 19-29/1	94.470	-0.02%-0.020	10/07/202513:00:21	AT000B101357	--	--	03/12/2029	D
BKS 3% Nachrang. Oblig 17-27/4	100.000	0.00%0.000	10/06/202513:00:07	AT0000A1Z0R8	--	--	12/22/2027	D
3 % KELAG-Anleihe 14-26/S.2	97.000	-3.96%-4.000	10/03/202513:02:02	AT0000A17Z60	--	--	06/25/2026	D
BTV 3,7% Obligation 24-26/7	101.200	-0.29%-0.290	10/03/202513:00:22	AT0000A3CTW4	--	--	12/03/2026	D
sWBB 2,85% Wohnbauanl.25-35/01	98.950	+0.41%+0.400	10/02/202514:15:04	AT000B116959	--	--	08/21/2035	D
WEB Wind 4,5% Hybrid-Anl. 2018	97.500	+0.52%+0.500	10/02/202514:00:08	AT0WEB180HA4	--	--	open-end	D
EGB 0,15% KMU-Anl.19-26/1659	96.950	+3.14%+2.950	10/02/202513:16:25	AT0000A2APZ1	--	--	11/06/2026	D
EGB 3,15% KMU-Anl.22-27/S.1774	100.050	-0.79%-0.800	10/02/202513:15:13	AT0000A30772	--	--	01/15/2027	D
21Shares Pyth Network ETP	5.850	+26.35%+1.220	10/02/202513:12:22	CH1396389939	--	--	open-end	D
OB Fix/Float-Anl.18-18.06.2026	99.940	-0.08%-0.080	10/02/202513:00:21	AT000B126842	--	--	06/18/2026	D
EGB 3,75% Anl.23-26/DIP S.1863	100.100	+1.06%+1.050	10/01/202513:15:51	AT0000A360R4	--	--	08/02/2026	D
3BK-WBB Stuf.Zins.WA.14-26/BTV	101.030	-0.03%-0.030	10/01/202513:00:25	AT0000A17KW2	--	--	05/12/2026	D
RLBNOW 5% nr. Fixzins16-26/18	102.500	0.00%0.000	10/01/202513:00:16	AT000B078316	--	--	09/30/2026	D
HWBB 3,00% WB-WA 25-36/5 ST	101.400	+0.80%+0.800	09/30/202514:15:24	AT0000A3HRK2	--	--	01/21/2036	D
HWBB 3% WB-WA 25-36/9/ BGLD	98.510	0.00%0.000	09/30/202514:15:24	AT0000A3M5G3	--	--	05/28/2036	D
HWBB MinMax WA 20-30/1/Tir/S2	95.930	+0.83%+0.790	09/30/202514:15:03	AT0000A2C2F5	--	--	01/10/2030	D
EGB 2,15% Anl. 22-27/1750	99.450	+2.10%+2.050	09/30/202513:19:46	AT0000A2ZU40	--	--	09/05/2027	D
BTV 3,15% fairfutr Bnd 24-31/9	98.200	0.00%0.000	09/30/202513:15:20	AT0000A3FMM3	--	--	10/08/2031	D
BTV 3,5% Nachrang.Anl. 18-28/7	99.950	0.00%0.000	09/30/202513:00:28	AT0000A20EC1	--	--	05/23/2028	D
BTV Stuzi Obl 24-30/8	100.060	-0.24%-0.240	09/30/202513:00:06	AT0000A3DYA8	--	--	07/30/2030	D
RLBOO Fixzinsanlage 23-28/S441	98.000	-1.01%-1.000	09/29/202513:15:46	AT0000A37LZ1	--	--	01/24/2028	D
EGB 2,70% Pfandbr.24-28/S.1931	100.000	+0.91%+0.900	09/29/202513:00:12	AT0000A3E701	--	--	08/30/2028	D
sWBB 1,65 % WBA 15-26/09	99.650	+6.98%+6.500	09/26/202514:30:42	AT000B116538	--	--	09/06/2026	D
RLBVbg 3,125% SV 22-27/S.7	101.900	-0.05%-0.050	09/26/202514:15:24	AT000B067061	--	--	12/19/2027	D
Hypo-WBB WA Sbg. 13-27/8	99.300	-0.70%-0.700	09/26/202514:15:21	AT0000A0ZDD5	--	--	02/07/2027	D
EGB Inflationsanl.22-29/S.1775	97.750	+1.72%+1.650	09/26/202513:15:03	AT0000A30FA1	--	--	10/21/2029	D
sWBB 3,65% Wohnbauanl.23-34/03	104.800	-1.83%-1.950	09/25/202514:30:58	AT000B116918	--	--	05/16/2034	D
HWBB 3,00% WB-WA 24-36/13  TIR	96.540	-0.78%-0.760	09/25/202514:15:18	AT0000A3ECK1	--	--	08/22/2036	D
EGB 2,40% Pfandbr.25-30/S.1951	98.000	0.00%0.000	09/25/202513:15:33	AT0000A3HGB4	--	--	02/06/2030	D
EGB Nr Fix/FloatAnl.25-35/1953	100.000	0.00%0.000	09/25/202513:00:14	AT0000A3HGE8	--	--	02/05/2035	D
RWBB var. WSV 15-26/11	91.050	-8.77%-8.750	09/24/202515:43:19	AT000B124540	--	--	05/13/2026	D
sWBB 2,85% Wohnbauanl.25-35/02	97.300	-5.53%-5.700	09/24/202514:33:24	AT000B116967	--	--	12/06/2035	D
RWBB var.verz. WSV 16-28/17	88.010	0.00%0.000	09/24/202514:15:25	AT000B124607	--	--	10/03/2028	D
EBO 2,30 % Anleihe 25-29/S.2	99.800	-0.15%-0.150	09/24/202514:15:17	AT0000A3MYN2	--	--	07/31/2029	D
sWBB 1,5% WBB-WA 18-29/01	95.500	0.00%0.000	09/24/202514:15:14	AT000B116710	--	--	06/06/2029	D
RLB NOW3,625% Anl. 23-26/S.103	99.500	-1.00%-1.000	09/24/202513:15:27	AT000B078860	--	--	06/16/2026	D
BKS 3,75% Green Bond 23-29/7	102.850	-0.39%-0.400	09/24/202513:00:16	AT0000A38M94	--	--	11/30/2029	D
BTV Stuzi Obl 22-27/3	97.940	-0.16%-0.160	09/24/202513:00:14	AT0000A2X9K5	--	--	04/29/2027	D
RLBVbg 3,75% SV 22-27/S.4	102.800	-0.05%-0.050	09/23/202514:15:29	AT000B067038	--	--	10/10/2027	D
Valorem 6% Anleihe 2024-2029	100.000	-1.48%-1.500	09/23/202514:15:20	AT0000A3DV85	--	--	08/01/2029	D
EGB 3,20%Fruehl-Anl.24-27/1897	100.350	+1.98%+1.950	09/23/202513:23:37	AT0000A3AJM0	--	--	12/31/2027	D
OB 4,55% nr Anl. 23-24.02.2031	98.020	-2.18%-2.180	09/23/202513:21:45	AT000B127337	--	--	02/24/2031	D
RWBB 1,25%.WSV 15-29/8	91.200	-2.98%-2.800	09/22/202515:03:28	AT000B124516	--	--	12/28/2029	D
EPH Group 10% Anl. 2025/2032	99.000	0.00%0.000	09/22/202514:00:01	DE000A3L7AM8	--	--	02/24/2032	D
sWBB 3,25% Wohnbauanl.23-33/01	102.450	+0.44%+0.450	09/19/202514:15:29	AT000B116892	--	--	09/01/2033	D
SbgLHB EK SV 17-27	99.200	0.00%0.000	09/19/202514:15:22	AT000B023288	--	--	01/27/2027	D
RLBVbg 3,75% SV 23-28/2	103.850	-0.10%-0.100	09/19/202514:15:15	AT000B067152	--	--	06/26/2028	D
HWBB 3,25% WB-WA 24-35/10 BGLD	99.180	0.00%0.000	09/19/202514:15:13	AT0000A3DS07	--	--	07/12/2035	D
RLB-Stmk 4,4-6% nr Flt.15-27/1	99.070	-0.93%-0.930	09/19/202513:15:55	AT000B092291	--	--	04/27/2027	D
HTB nr.Stfz.SV 18-28/S.197	94.550	-0.47%-0.450	09/19/202513:00:25	AT0000A20260	--	--	02/15/2028	D
RLOOE nr 5,6% Schuldv.15-27/20	101.000	0.00%0.000	09/19/202513:00:14	AT0000A1FH26	--	--	07/06/2027	D
RLBVbg 3,20% SV 24-27/S.10	101.550	-0.10%-0.100	09/17/202514:15:24	AT000B067236	--	--	01/04/2027	D
RLB VLBG FLOATER 18-28/10	99.150	0.00%0.000	09/17/202514:15:10	AT000B066618	--	--	05/11/2028	D
sWBB 1,05 % Wandel-SV 19-30/04	92.750	-0.05%-0.050	09/17/202514:15:08	AT000B116827	--	--	09/06/2030	D
RWBB Vario WSV 14-26/6	100.010	+0.51%+0.510	09/17/202514:15:06	AT000B020995	--	--	09/29/2026	D
Immo-B.2,68% WandelSV 14-26/3	99.950	+0.04%+0.040	09/16/202514:15:04	AT0000A15815	--	--	01/31/2026	D
EGB 4,55% Nr Anl.24-34/S.1902	105.950	+3.97%+4.050	09/16/202513:25:42	AT0000A3B038	--	--	04/02/2034	D
EGB 2,85%NeujahrsAnl24-27/1887	100.700	+1.21%+1.200	09/16/202513:15:25	AT0000A39GL7	--	--	12/31/2027	D
EGB 2,85% Anl.22-27/DIP S.1724	100.750	+1.26%+1.250	09/16/202513:15:10	AT0000A2YD34	--	--	07/21/2027	D
EGB NR Fix/FloatAnl.24-34/1888	101.750	+1.32%+1.330	09/16/202513:00:26	AT0000A39M85	--	--	02/06/2034	D
EGB 2,4% Green Bd 22-27/S.1760	98.600	-1.65%-1.650	09/15/202513:28:06	AT0000A303B8	--	--	10/03/2027	D
BTV 5,14% Nr OBL 22-32/13	104.000	-1.89%-2.000	09/15/202513:15:34	AT0000A31KJ0	--	--	11/09/2032	D
EGB Nachrangfltr.16-26/1535	98.010	+1.46%+1.410	09/15/202513:15:20	AT0000A1NKE2	--	--	09/30/2026	D
EGB 3,05%NeujahrsAnl24-27/1891	100.500	0.00%0.000	09/15/202513:00:19	AT0000A39R31	--	--	12/31/2027	D
BTV 5,40% Nachr.Obl 23-33/10	108.000	0.00%0.000	09/15/202513:00:13	AT0000A37UT5	--	--	11/07/2033	D
RLBVbg 1% bew.Obl.19-27/6	97.800	-0.10%-0.100	09/12/202514:15:18	AT000B066774	--	--	06/28/2027	D
RLBVbg 3,40% SV 24-29/S.2	103.400	0.00%0.000	09/12/202514:15:05	AT000B067285	--	--	06/21/2029	D
RLBVbg 3,5%Anl.DuoObl.23-26/11	100.600	-0.40%-0.400	09/11/202514:15:28	AT000B067103	--	--	02/06/2026	D
Immo-B. MiniMax FltrWA 14-26/4	99.620	+0.10%+0.100	09/11/202514:15:26	AT0000A15856	--	--	01/30/2026	D
LHB-Stmk.4% nr Fixz.A.18-28/6	95.500	0.00%0.000	09/11/202514:15:25	AT000B088398	--	--	03/16/2028	D
